event_alias,bounded_context,class,producer,flow_pattern,authoritative_source,aggregate,synchronous_write_set,canonical_store,outbox_required,ordering,consumers,external_effect,retry_policy,dead_letter,reconciliation,privacy_class,evidence_kind,feature_input,retention_class,required_data,optional_data,notes
identity.invitation.created,identity,domain,identity,internal_domain_transaction,platform_domain_transaction,invitation,domain state; canonical_event; outbox,immutable canonical event store,yes,invitation: aggregate_id + aggregate_version when stateful; otherwise event_id/received_at,notification_orchestrator;audit_projection,notification job may be created,command retry only with idempotency key; async consumer retries independently,yes for asynchronous delivery/handler failures; rejected commands are not DLQ,"consumer checkpoint, aggregate version and projection consistency checks",pseudonymous,server_transactional,ineligible,operational,invitation_id;entrepreneur_id;purpose;expires_at,business_id;program_id;journey_version_id,
identity.invitation.sent,identity,integration,notification_connector,external_delivery_callback,verified_external_source_then_internal_canonical_event,invitation,delivery_receipt or observation; canonical_event/outbox,immutable canonical event store,yes,invitation: aggregate_id + aggregate_version when stateful; otherwise event_id/received_at,delivery_projection,none; event confirms inbound/external result,bounded exponential backoff with jitter; respect provider retry semantics,yes for asynchronous delivery/handler failures; rejected commands are not DLQ,integration history + external mapping/checkpoint reconciliation,pseudonymous,external_confirmed,ineligible,operational,invitation_id;delivery_id;channel;provider,template_version,
identity.invitation.delivered,identity,integration,notification_connector,external_delivery_callback,verified_external_source_then_internal_canonical_event,invitation,delivery_receipt or observation; canonical_event/outbox,immutable canonical event store,yes,invitation: aggregate_id + aggregate_version when stateful; otherwise event_id/received_at,delivery_projection,none; event confirms inbound/external result,bounded exponential backoff with jitter; respect provider retry semantics,yes for asynchronous delivery/handler failures; rejected commands are not DLQ,integration history + external mapping/checkpoint reconciliation,pseudonymous,external_confirmed,conditional,operational,invitation_id;delivery_id;channel;delivered_at,,
identity.invitation.opened,identity,behavioral,notification_connector,external_delivery_callback,verified_external_source_then_internal_canonical_event,invitation,delivery_receipt or observation; canonical_event/outbox,immutable canonical event store,yes,invitation: aggregate_id + aggregate_version when stateful; otherwise event_id/received_at,engagement_projection,none; event confirms inbound/external result,bounded exponential backoff with jitter; respect provider retry semantics,yes for asynchronous delivery/handler failures; rejected commands are not DLQ,integration history + external mapping/checkpoint reconciliation,pseudonymous,external_observed,weak_only,operational,invitation_id;delivery_id;channel,client_time,Não usar isoladamente; abertura pode ser bloqueada ou simulada pelo provedor.
identity.account.registered,identity,domain,identity,internal_domain_transaction,platform_domain_transaction,user_account,domain state; canonical_event; outbox,immutable canonical event store,yes,user_account: aggregate_id + aggregate_version when stateful; otherwise event_id/received_at,identity_projection;audit_projection,none by default,command retry only with idempotency key; async consumer retries independently,yes for asynchronous delivery/handler failures; rejected commands are not DLQ,"consumer checkpoint, aggregate version and projection consistency checks",pseudonymous,server_transactional,ineligible,operational,user_account_id;entrepreneur_id;registration_method,,
identity.email.verified,identity,domain,identity,internal_domain_transaction,platform_domain_transaction,user_account,domain state; canonical_event; outbox,immutable canonical event store,yes,user_account: aggregate_id + aggregate_version when stateful; otherwise event_id/received_at,identity_projection,none by default,command retry only with idempotency key; async consumer retries independently,yes for asynchronous delivery/handler failures; rejected commands are not DLQ,"consumer checkpoint, aggregate version and projection consistency checks",pseudonymous,server_transactional,ineligible,operational,user_account_id;verified_at,,
identity.account.activated,identity,domain,identity,internal_domain_transaction,platform_domain_transaction,user_account,domain state; canonical_event; outbox,immutable canonical event store,yes,user_account: aggregate_id + aggregate_version when stateful; otherwise event_id/received_at,identity_projection,none by default,command retry only with idempotency key; async consumer retries independently,yes for asynchronous delivery/handler failures; rejected commands are not DLQ,"consumer checkpoint, aggregate version and projection consistency checks",pseudonymous,server_transactional,ineligible,operational,user_account_id;entrepreneur_id,,
identity.account.suspended,identity,audit,identity,privileged_transaction,platform_domain_transaction,user_account,domain/audit state; canonical_event; outbox; audit metadata,immutable canonical event store,yes,user_account: aggregate_id + aggregate_version when stateful; otherwise event_id/received_at,authorization_projection;audit_projection,none by default,command retry only with idempotency key; async consumer retries independently,yes for asynchronous delivery/handler failures; rejected commands are not DLQ,"consumer checkpoint, aggregate version and projection consistency checks",restricted,server_transactional,ineligible,operational,user_account_id;reason_code;suspended_by,expires_at,
identity.authentication.succeeded,identity,audit,identity,privileged_transaction,platform_domain_transaction,authentication,domain/audit state; canonical_event; outbox; audit metadata,immutable canonical event store,yes,received_at; no behavioral ordering guarantee,security_monitoring,none by default,command retry only with idempotency key; async consumer retries independently,yes for asynchronous delivery/handler failures; rejected commands are not DLQ,"consumer checkpoint, aggregate version and projection consistency checks",restricted,server_acknowledged,ineligible,security_short,user_account_id;authentication_method,session_id;risk_signals,
identity.authentication.failed,identity,audit,identity,privileged_transaction,platform_domain_transaction,authentication,domain/audit state; canonical_event; outbox; audit metadata,immutable canonical event store,yes,received_at; no behavioral ordering guarantee,security_monitoring,none by default,command retry only with idempotency key; async consumer retries independently,yes for asynchronous delivery/handler failures; rejected commands are not DLQ,"consumer checkpoint, aggregate version and projection consistency checks",restricted,server_acknowledged,ineligible,security_short,principal_hash;reason_code,risk_signals,
governance.consent.granted,governance,domain,governance,internal_domain_transaction,platform_domain_transaction,consent,domain state; canonical_event; outbox,immutable canonical event store,yes,consent: aggregate_id + aggregate_version when stateful; otherwise event_id/received_at,consent_projection;audit_projection,none by default,command retry only with idempotency key; async consumer retries independently,yes for asynchronous delivery/handler failures; rejected commands are not DLQ,"consumer checkpoint, aggregate version and projection consistency checks",restricted,server_transactional,ineligible,operational,consent_record_id;entrepreneur_id;purpose_code;notice_version;granted_at,expires_at,
governance.consent.withdrawn,governance,domain,governance,internal_domain_transaction,platform_domain_transaction,consent,domain state; canonical_event; outbox,immutable canonical event store,yes,consent: aggregate_id + aggregate_version when stateful; otherwise event_id/received_at,consent_projection;intervention_orchestrator;audit_projection,none by default,command retry only with idempotency key; async consumer retries independently,yes for asynchronous delivery/handler failures; rejected commands are not DLQ,"consumer checkpoint, aggregate version and projection consistency checks",restricted,server_transactional,ineligible,operational,consent_record_id;entrepreneur_id;purpose_code;withdrawn_at,reason_code,
catalog.journey_version.published,learning_catalog,domain,catalog,internal_domain_transaction,platform_domain_transaction,journey_version,domain state; canonical_event; outbox,immutable canonical event store,yes,journey_version: aggregate_id + aggregate_version when stateful; otherwise event_id/received_at,catalog_projection;audit_projection,none by default,command retry only with idempotency key; async consumer retries independently,yes for asynchronous delivery/handler failures; rejected commands are not DLQ,"consumer checkpoint, aggregate version and projection consistency checks",internal,server_transactional,ineligible,operational,journey_definition_id;journey_version_id;version;published_at,publisher_organization_id,
catalog.journey_version.retired,learning_catalog,domain,catalog,internal_domain_transaction,platform_domain_transaction,journey_version,domain state; canonical_event; outbox,immutable canonical event store,yes,journey_version: aggregate_id + aggregate_version when stateful; otherwise event_id/received_at,catalog_projection;audit_projection,none by default,command retry only with idempotency key; async consumer retries independently,yes for asynchronous delivery/handler failures; rejected commands are not DLQ,"consumer checkpoint, aggregate version and projection consistency checks",internal,server_transactional,ineligible,operational,journey_definition_id;journey_version_id;retired_at;reason_code,,
catalog.course_version.published,learning_catalog,domain,catalog,internal_domain_transaction,platform_domain_transaction,course_version,domain state; canonical_event; outbox,immutable canonical event store,yes,course_version: aggregate_id + aggregate_version when stateful; otherwise event_id/received_at,catalog_projection;audit_projection,none by default,command retry only with idempotency key; async consumer retries independently,yes for asynchronous delivery/handler failures; rejected commands are not DLQ,"consumer checkpoint, aggregate version and projection consistency checks",internal,server_transactional,ineligible,operational,course_definition_id;course_version_id;version;published_at,publisher_organization_id,
catalog.course_version.retired,learning_catalog,domain,catalog,internal_domain_transaction,platform_domain_transaction,course_version,domain state; canonical_event; outbox,immutable canonical event store,yes,course_version: aggregate_id + aggregate_version when stateful; otherwise event_id/received_at,catalog_projection;audit_projection,none by default,command retry only with idempotency key; async consumer retries independently,yes for asynchronous delivery/handler failures; rejected commands are not DLQ,"consumer checkpoint, aggregate version and projection consistency checks",internal,server_transactional,ineligible,operational,course_definition_id;course_version_id;retired_at;reason_code,,
catalog.activity_version.published,learning_catalog,domain,catalog,internal_domain_transaction,platform_domain_transaction,activity_version,domain state; canonical_event; outbox,immutable canonical event store,yes,activity_version: aggregate_id + aggregate_version when stateful; otherwise event_id/received_at,catalog_projection;audit_projection,none by default,command retry only with idempotency key; async consumer retries independently,yes for asynchronous delivery/handler failures; rejected commands are not DLQ,"consumer checkpoint, aggregate version and projection consistency checks",internal,server_transactional,ineligible,operational,activity_definition_id;activity_version_id;version;published_at,publisher_organization_id,
catalog.activity_version.retired,learning_catalog,domain,catalog,internal_domain_transaction,platform_domain_transaction,activity_version,domain state; canonical_event; outbox,immutable canonical event store,yes,activity_version: aggregate_id + aggregate_version when stateful; otherwise event_id/received_at,catalog_projection;audit_projection,none by default,command retry only with idempotency key; async consumer retries independently,yes for asynchronous delivery/handler failures; rejected commands are not DLQ,"consumer checkpoint, aggregate version and projection consistency checks",internal,server_transactional,ineligible,operational,activity_definition_id;activity_version_id;retired_at;reason_code,,
catalog.diagnostic_version.published,learning_catalog,domain,catalog,internal_domain_transaction,platform_domain_transaction,diagnostic_version,domain state; canonical_event; outbox,immutable canonical event store,yes,diagnostic_version: aggregate_id + aggregate_version when stateful; otherwise event_id/received_at,catalog_projection;audit_projection,none by default,command retry only with idempotency key; async consumer retries independently,yes for asynchronous delivery/handler failures; rejected commands are not DLQ,"consumer checkpoint, aggregate version and projection consistency checks",internal,server_transactional,ineligible,operational,diagnostic_definition_id;diagnostic_version_id;version;published_at,publisher_organization_id,
catalog.diagnostic_version.retired,learning_catalog,domain,catalog,internal_domain_transaction,platform_domain_transaction,diagnostic_version,domain state; canonical_event; outbox,immutable canonical event store,yes,diagnostic_version: aggregate_id + aggregate_version when stateful; otherwise event_id/received_at,catalog_projection;audit_projection,none by default,command retry only with idempotency key; async consumer retries independently,yes for asynchronous delivery/handler failures; rejected commands are not DLQ,"consumer checkpoint, aggregate version and projection consistency checks",internal,server_transactional,ineligible,operational,diagnostic_definition_id;diagnostic_version_id;retired_at;reason_code,,
catalog.assessment_version.published,learning_catalog,domain,catalog,internal_domain_transaction,platform_domain_transaction,assessment_version,domain state; canonical_event; outbox,immutable canonical event store,yes,assessment_version: aggregate_id + aggregate_version when stateful; otherwise event_id/received_at,catalog_projection;audit_projection,none by default,command retry only with idempotency key; async consumer retries independently,yes for asynchronous delivery/handler failures; rejected commands are not DLQ,"consumer checkpoint, aggregate version and projection consistency checks",internal,server_transactional,ineligible,operational,assessment_definition_id;assessment_version_id;version;published_at,publisher_organization_id,
catalog.assessment_version.retired,learning_catalog,domain,catalog,internal_domain_transaction,platform_domain_transaction,assessment_version,domain state; canonical_event; outbox,immutable canonical event store,yes,assessment_version: aggregate_id + aggregate_version when stateful; otherwise event_id/received_at,catalog_projection;audit_projection,none by default,command retry only with idempotency key; async consumer retries independently,yes for asynchronous delivery/handler failures; rejected commands are not DLQ,"consumer checkpoint, aggregate version and projection consistency checks",internal,server_transactional,ineligible,operational,assessment_definition_id;assessment_version_id;retired_at;reason_code,,
catalog.intervention_version.published,learning_catalog,domain,catalog,internal_domain_transaction,platform_domain_transaction,intervention_version,domain state; canonical_event; outbox,immutable canonical event store,yes,intervention_version: aggregate_id + aggregate_version when stateful; otherwise event_id/received_at,catalog_projection;audit_projection,none by default,command retry only with idempotency key; async consumer retries independently,yes for asynchronous delivery/handler failures; rejected commands are not DLQ,"consumer checkpoint, aggregate version and projection consistency checks",internal,server_transactional,ineligible,operational,intervention_definition_id;intervention_version_id;version;published_at,publisher_organization_id,
catalog.intervention_version.retired,learning_catalog,domain,catalog,internal_domain_transaction,platform_domain_transaction,intervention_version,domain state; canonical_event; outbox,immutable canonical event store,yes,intervention_version: aggregate_id + aggregate_version when stateful; otherwise event_id/received_at,catalog_projection;audit_projection,none by default,command retry only with idempotency key; async consumer retries independently,yes for asynchronous delivery/handler failures; rejected commands are not DLQ,"consumer checkpoint, aggregate version and projection consistency checks",internal,server_transactional,ineligible,operational,intervention_definition_id;intervention_version_id;retired_at;reason_code,,
journey.enrollment.created,journey_orchestration,domain,journey_orchestration,internal_domain_transaction,platform_domain_transaction,enrollment,domain state; canonical_event; outbox,immutable canonical event store,yes,enrollment: aggregate_id + aggregate_version when stateful; otherwise event_id/received_at,journey_projection;crm_projection,none by default,command retry only with idempotency key; async consumer retries independently,yes for asynchronous delivery/handler failures; rejected commands are not DLQ,rebuild projection from canonical events and compare with operational state,pseudonymous,server_transactional,ineligible,operational,enrollment_id;entrepreneur_id;business_id;journey_version_id;program_id;source,cohort_id;eligible_from;expires_at,
journey.enrollment.activated,journey_orchestration,domain,journey_orchestration,internal_domain_transaction,platform_domain_transaction,enrollment,domain state; canonical_event; outbox,immutable canonical event store,yes,enrollment: aggregate_id + aggregate_version when stateful; otherwise event_id/received_at,journey_projection;intervention_orchestrator,none by default,command retry only with idempotency key; async consumer retries independently,yes for asynchronous delivery/handler failures; rejected commands are not DLQ,rebuild projection from canonical events and compare with operational state,pseudonymous,server_transactional,ineligible,operational,enrollment_id;journey_instance_id;activated_at,,
journey.enrollment.cancelled,journey_orchestration,domain,journey_orchestration,internal_domain_transaction,platform_domain_transaction,enrollment,domain state; canonical_event; outbox,immutable canonical event store,yes,enrollment: aggregate_id + aggregate_version when stateful; otherwise event_id/received_at,journey_projection;intervention_orchestrator;crm_projection,none by default,command retry only with idempotency key; async consumer retries independently,yes for asynchronous delivery/handler failures; rejected commands are not DLQ,rebuild projection from canonical events and compare with operational state,pseudonymous,server_transactional,ineligible,operational,enrollment_id;reason_code;cancelled_at,cancelled_by,
journey.enrollment.expired,journey_orchestration,domain,journey_orchestration,internal_domain_transaction,platform_domain_transaction,enrollment,domain state; canonical_event; outbox,immutable canonical event store,yes,enrollment: aggregate_id + aggregate_version when stateful; otherwise event_id/received_at,journey_projection;intervention_orchestrator,none by default,command retry only with idempotency key; async consumer retries independently,yes for asynchronous delivery/handler failures; rejected commands are not DLQ,rebuild projection from canonical events and compare with operational state,pseudonymous,server_transactional,ineligible,operational,enrollment_id;expired_at;reason_code,,
journey.instance.available,journey_orchestration,domain,journey_orchestration,internal_domain_transaction,platform_domain_transaction,journey_instance,domain state; canonical_event; outbox,immutable canonical event store,yes,journey_instance: aggregate_id + aggregate_version when stateful; otherwise event_id/received_at,journey_projection;intervention_orchestrator,none by default,command retry only with idempotency key; async consumer retries independently,yes for asynchronous delivery/handler failures; rejected commands are not DLQ,rebuild projection from canonical events and compare with operational state,pseudonymous,server_transactional,ineligible,operational,journey_instance_id;journey_version_id;available_at,expires_at,
journey.instance.started,journey_orchestration,behavioral_domain,journey_orchestration,internal_domain_transaction,platform_domain_transaction,journey_instance,domain state; canonical_event; outbox,immutable canonical event store,yes,journey_instance: aggregate_id + aggregate_version when stateful; otherwise event_id/received_at,journey_projection;behavioral_store;intervention_orchestrator,none by default,command retry only with idempotency key; async consumer retries independently,yes for asynchronous delivery/handler failures; rejected commands are not DLQ,rebuild projection from canonical events and compare with operational state,pseudonymous,server_transactional,eligible,operational,journey_instance_id;started_at;entry_point,,
journey.instance.paused,journey_orchestration,domain,journey_orchestration,internal_domain_transaction,platform_domain_transaction,journey_instance,domain state; canonical_event; outbox,immutable canonical event store,yes,journey_instance: aggregate_id + aggregate_version when stateful; otherwise event_id/received_at,journey_projection;intervention_orchestrator,none by default,command retry only with idempotency key; async consumer retries independently,yes for asynchronous delivery/handler failures; rejected commands are not DLQ,rebuild projection from canonical events and compare with operational state,pseudonymous,server_transactional,ineligible,operational,journey_instance_id;reason_code;paused_at,,
journey.instance.resumed,journey_orchestration,behavioral_domain,journey_orchestration,internal_domain_transaction,platform_domain_transaction,journey_instance,domain state; canonical_event; outbox,immutable canonical event store,yes,journey_instance: aggregate_id + aggregate_version when stateful; otherwise event_id/received_at,journey_projection;behavioral_store,none by default,command retry only with idempotency key; async consumer retries independently,yes for asynchronous delivery/handler failures; rejected commands are not DLQ,rebuild projection from canonical events and compare with operational state,pseudonymous,server_transactional,eligible,operational,journey_instance_id;resumed_at,pause_duration_seconds,
journey.milestone.achieved,journey_orchestration,domain,journey_orchestration,internal_domain_transaction,platform_domain_transaction,journey_instance,domain state; canonical_event; outbox,immutable canonical event store,yes,journey_instance: aggregate_id + aggregate_version when stateful; otherwise event_id/received_at,journey_projection;credential_engine;crm_projection,none by default,command retry only with idempotency key; async consumer retries independently,yes for asynchronous delivery/handler failures; rejected commands are not DLQ,rebuild projection from canonical events and compare with operational state,pseudonymous,server_transactional,derived_only,operational,journey_instance_id;milestone_definition_id;milestone_code;achieved_at;evidence_refs,,
journey.instance.completed,journey_orchestration,domain,journey_orchestration,internal_domain_transaction,platform_domain_transaction,journey_instance,domain state; canonical_event; outbox,immutable canonical event store,yes,journey_instance: aggregate_id + aggregate_version when stateful; otherwise event_id/received_at,journey_projection;credential_engine;crm_projection,none by default,command retry only with idempotency key; async consumer retries independently,yes for asynchronous delivery/handler failures; rejected commands are not DLQ,rebuild projection from canonical events and compare with operational state,pseudonymous,server_transactional,derived_only,operational,journey_instance_id;completion_policy_version;completed_at;evidence_refs,completion_level,
journey.path.assigned,journey_orchestration,domain,journey_orchestration,internal_domain_transaction,platform_domain_transaction,path_assignment,domain state; canonical_event; outbox,immutable canonical event store,yes,path_assignment: aggregate_id + aggregate_version when stateful; otherwise event_id/received_at,journey_projection;explanation_projection,none by default,command retry only with idempotency key; async consumer retries independently,yes for asynchronous delivery/handler failures; rejected commands are not DLQ,rebuild projection from canonical events and compare with operational state,pseudonymous,server_transactional,ineligible,operational,path_assignment_id;journey_instance_id;path_template_id;assignment_policy_version;reason_codes,diagnostic_result_id;segment_assignment_ids,
journey.path.reassigned,journey_orchestration,domain,journey_orchestration,internal_domain_transaction,platform_domain_transaction,path_assignment,domain state; canonical_event; outbox,immutable canonical event store,yes,path_assignment: aggregate_id + aggregate_version when stateful; otherwise event_id/received_at,journey_projection;audit_projection,none by default,command retry only with idempotency key; async consumer retries independently,yes for asynchronous delivery/handler failures; rejected commands are not DLQ,rebuild projection from canonical events and compare with operational state,pseudonymous,server_transactional,ineligible,operational,path_assignment_id;previous_path_template_id;new_path_template_id;reason_codes;reassigned_at,actor_override_id,
journey.path.started,journey_orchestration,behavioral_domain,journey_orchestration,internal_domain_transaction,platform_domain_transaction,path_assignment,domain state; canonical_event; outbox,immutable canonical event store,yes,path_assignment: aggregate_id + aggregate_version when stateful; otherwise event_id/received_at,journey_projection;behavioral_store,none by default,command retry only with idempotency key; async consumer retries independently,yes for asynchronous delivery/handler failures; rejected commands are not DLQ,rebuild projection from canonical events and compare with operational state,pseudonymous,server_transactional,eligible,operational,path_assignment_id;journey_instance_id;started_at,,
journey.path.completed,journey_orchestration,domain,journey_orchestration,internal_domain_transaction,platform_domain_transaction,path_assignment,domain state; canonical_event; outbox,immutable canonical event store,yes,path_assignment: aggregate_id + aggregate_version when stateful; otherwise event_id/received_at,journey_projection;credential_engine,none by default,command retry only with idempotency key; async consumer retries independently,yes for asynchronous delivery/handler failures; rejected commands are not DLQ,rebuild projection from canonical events and compare with operational state,pseudonymous,server_transactional,derived_only,operational,path_assignment_id;completion_policy_version;completed_at;evidence_refs,,
journey.step.available,journey_orchestration,domain,journey_orchestration,internal_domain_transaction,platform_domain_transaction,activity_instance,domain state; canonical_event; outbox,immutable canonical event store,yes,activity_instance: aggregate_id + aggregate_version when stateful; otherwise event_id/received_at,journey_projection;intervention_orchestrator,none by default,command retry only with idempotency key; async consumer retries independently,yes for asynchronous delivery/handler failures; rejected commands are not DLQ,rebuild projection from canonical events and compare with operational state,pseudonymous,server_transactional,ineligible,operational,activity_instance_id;journey_instance_id;path_step_id;activity_version_id;available_at,due_at,
journey.step.blocked,journey_orchestration,domain,journey_orchestration,internal_domain_transaction,platform_domain_transaction,activity_instance,domain state; canonical_event; outbox,immutable canonical event store,yes,activity_instance: aggregate_id + aggregate_version when stateful; otherwise event_id/received_at,journey_projection;explanation_projection,none by default,command retry only with idempotency key; async consumer retries independently,yes for asynchronous delivery/handler failures; rejected commands are not DLQ,rebuild projection from canonical events and compare with operational state,pseudonymous,server_transactional,ineligible,operational,activity_instance_id;rule_version;reason_codes;blocked_at,,
journey.step.unblocked,journey_orchestration,domain,journey_orchestration,internal_domain_transaction,platform_domain_transaction,activity_instance,domain state; canonical_event; outbox,immutable canonical event store,yes,activity_instance: aggregate_id + aggregate_version when stateful; otherwise event_id/received_at,journey_projection;intervention_orchestrator,none by default,command retry only with idempotency key; async consumer retries independently,yes for asynchronous delivery/handler failures; rejected commands are not DLQ,rebuild projection from canonical events and compare with operational state,pseudonymous,server_transactional,ineligible,operational,activity_instance_id;rule_version;evidence_refs;unblocked_at,,
journey.step.skipped,journey_orchestration,behavioral_domain,journey_orchestration,internal_domain_transaction,platform_domain_transaction,activity_instance,domain state; canonical_event; outbox,immutable canonical event store,yes,activity_instance: aggregate_id + aggregate_version when stateful; otherwise event_id/received_at,journey_projection;behavioral_store,none by default,command retry only with idempotency key; async consumer retries independently,yes for asynchronous delivery/handler failures; rejected commands are not DLQ,rebuild projection from canonical events and compare with operational state,pseudonymous,server_transactional,conditional,operational,activity_instance_id;skip_policy_version;skipped_at,reason_code;participant_choice,
diagnostic.session.started,diagnostics,behavioral_domain,diagnostics,internal_domain_transaction,platform_domain_transaction,diagnostic_session,domain state; canonical_event; outbox,immutable canonical event store,yes,diagnostic_session: aggregate_id + aggregate_version when stateful; otherwise event_id/received_at,diagnostic_projection;behavioral_store,none by default,command retry only with idempotency key; async consumer retries independently,yes for asynchronous delivery/handler failures; rejected commands are not DLQ,"consumer checkpoint, aggregate version and projection consistency checks",pseudonymous,server_transactional,eligible,operational,diagnostic_session_id;diagnostic_version_id;entrepreneur_id;started_at,journey_instance_id,
diagnostic.response.recorded,diagnostics,behavioral,diagnostics,client_or_external_observation,accepted_observation; not authoritative for critical domain state,diagnostic_session,accepted_observation/event_log; outbox; optional projection update,immutable canonical event store,yes,diagnostic_session: aggregate_id + aggregate_version when stateful; otherwise event_id/received_at,diagnostic_projection;behavioral_store,none by default,client may retry with same client_event_id; server deduplicates,yes for asynchronous delivery/handler failures; rejected commands are not DLQ,"consumer checkpoint, aggregate version and projection consistency checks",restricted,server_acknowledged,conditional,operational,diagnostic_session_id;item_version_id;response_value;response_sequence;answered_at,response_time_ms;client_event_id,"Resposta pode ser sensível; payload deve usar códigos, nunca texto livre desnecessário."
diagnostic.response.changed,diagnostics,behavioral,diagnostics,client_or_external_observation,accepted_observation; not authoritative for critical domain state,diagnostic_session,accepted_observation/event_log; outbox; optional projection update,immutable canonical event store,yes,diagnostic_session: aggregate_id + aggregate_version when stateful; otherwise event_id/received_at,diagnostic_projection;behavioral_store,none by default,client may retry with same client_event_id; server deduplicates,yes for asynchronous delivery/handler failures; rejected commands are not DLQ,"consumer checkpoint, aggregate version and projection consistency checks",restricted,server_acknowledged,conditional,operational,diagnostic_session_id;item_version_id;previous_response_hash;response_value;change_sequence,response_time_ms,
diagnostic.session.abandoned,diagnostics,behavioral_domain,diagnostics,internal_domain_transaction,platform_domain_transaction,diagnostic_session,domain state; canonical_event; outbox,immutable canonical event store,yes,diagnostic_session: aggregate_id + aggregate_version when stateful; otherwise event_id/received_at,diagnostic_projection;intervention_orchestrator;behavioral_store,none by default,command retry only with idempotency key; async consumer retries independently,yes for asynchronous delivery/handler failures; rejected commands are not DLQ,"consumer checkpoint, aggregate version and projection consistency checks",pseudonymous,server_transactional,eligible,operational,diagnostic_session_id;abandoned_at;last_item_version_id,reason_code,
diagnostic.session.resumed,diagnostics,behavioral_domain,diagnostics,internal_domain_transaction,platform_domain_transaction,diagnostic_session,domain state; canonical_event; outbox,immutable canonical event store,yes,diagnostic_session: aggregate_id + aggregate_version when stateful; otherwise event_id/received_at,diagnostic_projection;behavioral_store,none by default,command retry only with idempotency key; async consumer retries independently,yes for asynchronous delivery/handler failures; rejected commands are not DLQ,"consumer checkpoint, aggregate version and projection consistency checks",pseudonymous,server_transactional,eligible,operational,diagnostic_session_id;resumed_at,elapsed_seconds,
diagnostic.session.completed,diagnostics,behavioral_domain,diagnostics,internal_domain_transaction,platform_domain_transaction,diagnostic_session,domain state; canonical_event; outbox,immutable canonical event store,yes,diagnostic_session: aggregate_id + aggregate_version when stateful; otherwise event_id/received_at,diagnostic_projection;personalization_engine;behavioral_store,none by default,command retry only with idempotency key; async consumer retries independently,yes for asynchronous delivery/handler failures; rejected commands are not DLQ,"consumer checkpoint, aggregate version and projection consistency checks",pseudonymous,server_transactional,eligible,operational,diagnostic_session_id;completed_at;completeness_ratio,quality_flags,
diagnostic.result.generated,diagnostics,domain,diagnostics,internal_domain_transaction,platform_domain_transaction,diagnostic_result,domain state; canonical_event; outbox,immutable canonical event store,yes,diagnostic_result: aggregate_id + aggregate_version when stateful; otherwise event_id/received_at,personalization_engine;research_projection,none by default,command retry only with idempotency key; async consumer retries independently,yes for asynchronous delivery/handler failures; rejected commands are not DLQ,"consumer checkpoint, aggregate version and projection consistency checks",restricted,server_transactional,derived_only,operational,diagnostic_result_id;diagnostic_session_id;instrument_version;dimension_results;data_quality;generated_at,operational_readiness,
personalization.recommendation.generated,diagnostics,domain,personalization_engine,internal_domain_transaction,platform_domain_transaction,recommendation,domain state; canonical_event; outbox,immutable canonical event store,yes,recommendation: aggregate_id + aggregate_version when stateful; otherwise event_id/received_at,journey_orchestration;explanation_projection,none by default,command retry only with idempotency key; async consumer retries independently,yes for asynchronous delivery/handler failures; rejected commands are not DLQ,"consumer checkpoint, aggregate version and projection consistency checks",pseudonymous,server_transactional,ineligible,operational,recommendation_id;entrepreneur_id;policy_version;recommended_start;reason_codes;generated_at,journey_instance_id,
personalization.recommendation.presented,diagnostics,behavioral,application_backend,client_or_external_observation,accepted_observation; not authoritative for critical domain state,recommendation,accepted_observation/event_log; outbox; optional projection update,immutable canonical event store,yes,recommendation: aggregate_id + aggregate_version when stateful; otherwise event_id/received_at,behavioral_store,none by default,client may retry with same client_event_id; server deduplicates,yes for asynchronous delivery/handler failures; rejected commands are not DLQ,"consumer checkpoint, aggregate version and projection consistency checks",pseudonymous,server_acknowledged,weak_only,operational,recommendation_id;presentation_version;presented_at,channel,
personalization.recommendation.accepted,diagnostics,behavioral_domain,application_backend,internal_domain_transaction,platform_domain_transaction,recommendation,domain state; canonical_event; outbox,immutable canonical event store,yes,recommendation: aggregate_id + aggregate_version when stateful; otherwise event_id/received_at,journey_orchestration;behavioral_store,none by default,command retry only with idempotency key; async consumer retries independently,yes for asynchronous delivery/handler failures; rejected commands are not DLQ,"consumer checkpoint, aggregate version and projection consistency checks",pseudonymous,server_transactional,eligible,operational,recommendation_id;accepted_at,selected_option,
personalization.recommendation.overridden,diagnostics,behavioral_domain,application_backend,internal_domain_transaction,platform_domain_transaction,recommendation,domain state; canonical_event; outbox,immutable canonical event store,yes,recommendation: aggregate_id + aggregate_version when stateful; otherwise event_id/received_at,journey_orchestration;behavioral_store;research_projection,none by default,command retry only with idempotency key; async consumer retries independently,yes for asynchronous delivery/handler failures; rejected commands are not DLQ,"consumer checkpoint, aggregate version and projection consistency checks",pseudonymous,server_transactional,eligible,operational,recommendation_id;alternative_selected;overridden_at,reason_code,
personalization.segment.assigned,diagnostics,domain,personalization_engine,internal_domain_transaction,platform_domain_transaction,segment_assignment,domain state; canonical_event; outbox,immutable canonical event store,yes,segment_assignment: aggregate_id + aggregate_version when stateful; otherwise event_id/received_at,journey_orchestration;intervention_orchestrator;research_projection,none by default,command retry only with idempotency key; async consumer retries independently,yes for asynchronous delivery/handler failures; rejected commands are not DLQ,"consumer checkpoint, aggregate version and projection consistency checks",pseudonymous,server_transactional,ineligible,operational,segment_assignment_id;segment_definition_id;policy_version;subject_id;reason_codes;valid_from,valid_until;source_event_ids,
personalization.segment.removed,diagnostics,domain,personalization_engine,internal_domain_transaction,platform_domain_transaction,segment_assignment,domain state; canonical_event; outbox,immutable canonical event store,yes,segment_assignment: aggregate_id + aggregate_version when stateful; otherwise event_id/received_at,journey_orchestration;intervention_orchestrator;research_projection,none by default,command retry only with idempotency key; async consumer retries independently,yes for asynchronous delivery/handler failures; rejected commands are not DLQ,"consumer checkpoint, aggregate version and projection consistency checks",pseudonymous,server_transactional,ineligible,operational,segment_assignment_id;removed_at;reason_code,,
personalization.uncertainty.recorded,diagnostics,domain,personalization_engine,internal_domain_transaction,platform_domain_transaction,recommendation,domain state; canonical_event; outbox,immutable canonical event store,yes,recommendation: aggregate_id + aggregate_version when stateful; otherwise event_id/received_at,research_projection;explanation_projection,none by default,command retry only with idempotency key; async consumer retries independently,yes for asynchronous delivery/handler failures; rejected commands are not DLQ,"consumer checkpoint, aggregate version and projection consistency checks",restricted,server_transactional,ineligible,operational,subject_id;policy_version;uncertainty_reasons;recorded_at,missing_inputs,
learning.activity.started,learning_delivery,behavioral_domain,learning_delivery,internal_domain_transaction,platform_domain_transaction,activity_instance,domain state; canonical_event; outbox,immutable canonical event store,yes,activity_instance: aggregate_id + aggregate_version when stateful; otherwise event_id/received_at,progress_projection;behavioral_store;intervention_orchestrator,none by default,command retry only with idempotency key; async consumer retries independently,yes for asynchronous delivery/handler failures; rejected commands are not DLQ,rebuild projection from canonical events and compare with operational state,pseudonymous,server_transactional,eligible,operational,activity_instance_id;activity_version_id;journey_instance_id;started_at,entry_point;attempt_number,
learning.activity.paused,learning_delivery,behavioral,application_backend,client_or_external_observation,accepted_observation; not authoritative for critical domain state,activity_instance,accepted_observation/event_log; outbox; optional projection update,immutable canonical event store,yes,activity_instance: aggregate_id + aggregate_version when stateful; otherwise event_id/received_at,progress_projection;behavioral_store,none by default,client may retry with same client_event_id; server deduplicates,yes for asynchronous delivery/handler failures; rejected commands are not DLQ,rebuild projection from canonical events and compare with operational state,pseudonymous,server_acknowledged,conditional,operational,activity_instance_id;paused_at,position;active_duration_seconds;client_event_id,
learning.activity.resumed,learning_delivery,behavioral_domain,learning_delivery,internal_domain_transaction,platform_domain_transaction,activity_instance,domain state; canonical_event; outbox,immutable canonical event store,yes,activity_instance: aggregate_id + aggregate_version when stateful; otherwise event_id/received_at,progress_projection;behavioral_store,none by default,command retry only with idempotency key; async consumer retries independently,yes for asynchronous delivery/handler failures; rejected commands are not DLQ,rebuild projection from canonical events and compare with operational state,pseudonymous,server_transactional,eligible,operational,activity_instance_id;resumed_at,resume_position,
learning.activity.progressed,learning_delivery,behavioral,application_backend,client_or_external_observation,accepted_observation; not authoritative for critical domain state,activity_instance,accepted_observation/event_log; outbox; optional projection update,immutable canonical event store,yes,activity_instance: aggregate_id + aggregate_version when stateful; otherwise event_id/received_at,progress_projection;behavioral_store,none by default,client may retry with same client_event_id; server deduplicates,yes for asynchronous delivery/handler failures; rejected commands are not DLQ,rebuild projection from canonical events and compare with operational state,pseudonymous,server_acknowledged,conditional,operational,activity_instance_id;progress_measure;progress_unit;client_event_id,active_duration_seconds;client_time;media_position,Eventos de progresso devem ser limitados por frequência e consolidados para evitar ruído.
learning.activity.completed,learning_delivery,behavioral_domain,learning_delivery,internal_domain_transaction,platform_domain_transaction,activity_instance,domain state; canonical_event; outbox,immutable canonical event store,yes,activity_instance: aggregate_id + aggregate_version when stateful; otherwise event_id/received_at,progress_projection;journey_orchestration;behavioral_store;gamification_engine,none by default,command retry only with idempotency key; async consumer retries independently,yes for asynchronous delivery/handler failures; rejected commands are not DLQ,rebuild projection from canonical events and compare with operational state,pseudonymous,server_transactional,eligible,operational,activity_instance_id;completion_policy_version;completed_at;evidence_refs,active_duration_seconds,
learning.activity.revisited,learning_delivery,behavioral,application_backend,client_or_external_observation,accepted_observation; not authoritative for critical domain state,activity_instance,accepted_observation/event_log; outbox; optional projection update,immutable canonical event store,yes,activity_instance: aggregate_id + aggregate_version when stateful; otherwise event_id/received_at,behavioral_store,none by default,client may retry with same client_event_id; server deduplicates,yes for asynchronous delivery/handler failures; rejected commands are not DLQ,"consumer checkpoint, aggregate version and projection consistency checks",pseudonymous,server_acknowledged,conditional,operational,activity_instance_id;revisited_at;client_event_id,entry_point,
learning.asset.opened,learning_delivery,behavioral,application_backend,client_or_external_observation,accepted_observation; not authoritative for critical domain state,content_asset,accepted_observation/event_log; outbox; optional projection update,immutable canonical event store,yes,content_asset: aggregate_id + aggregate_version when stateful; otherwise event_id/received_at,behavioral_store,none by default,client may retry with same client_event_id; server deduplicates,yes for asynchronous delivery/handler failures; rejected commands are not DLQ,"consumer checkpoint, aggregate version and projection consistency checks",pseudonymous,server_acknowledged,weak_only,operational,content_asset_id;activity_instance_id;client_event_id;opened_at,asset_type,
learning.asset.downloaded,learning_delivery,behavioral_domain,application_backend,internal_domain_transaction,platform_domain_transaction,content_asset,domain state; canonical_event; outbox,immutable canonical event store,yes,content_asset: aggregate_id + aggregate_version when stateful; otherwise event_id/received_at,behavioral_store,none by default,command retry only with idempotency key; async consumer retries independently,yes for asynchronous delivery/handler failures; rejected commands are not DLQ,"consumer checkpoint, aggregate version and projection consistency checks",pseudonymous,server_transactional,conditional,operational,content_asset_id;activity_instance_id;download_receipt_id;downloaded_at,,
learning.external_resource.opened,learning_delivery,behavioral,application_backend,client_or_external_observation,accepted_observation; not authoritative for critical domain state,external_resource,accepted_observation/event_log; outbox; optional projection update,immutable canonical event store,yes,external_resource: aggregate_id + aggregate_version when stateful; otherwise event_id/received_at,behavioral_store,none by default,client may retry with same client_event_id; server deduplicates,yes for asynchronous delivery/handler failures; rejected commands are not DLQ,"consumer checkpoint, aggregate version and projection consistency checks",pseudonymous,server_acknowledged,weak_only,operational,resource_definition_id;activity_instance_id;client_event_id;opened_at,destination_domain,Não armazenar URL completa com query string.
assessment.attempt.started,assessment,behavioral_domain,assessment,internal_domain_transaction,platform_domain_transaction,assessment_attempt,domain state; canonical_event; outbox,immutable canonical event store,yes,assessment_attempt: aggregate_id + aggregate_version when stateful; otherwise event_id/received_at,assessment_projection;behavioral_store,none by default,command retry only with idempotency key; async consumer retries independently,yes for asynchronous delivery/handler failures; rejected commands are not DLQ,"consumer checkpoint, aggregate version and projection consistency checks",pseudonymous,server_transactional,eligible,operational,assessment_attempt_id;assessment_version_id;activity_instance_id;attempt_number;started_at,,
assessment.answer.recorded,assessment,behavioral,assessment,client_or_external_observation,accepted_observation; not authoritative for critical domain state,assessment_attempt,accepted_observation/event_log; outbox; optional projection update,immutable canonical event store,yes,assessment_attempt: aggregate_id + aggregate_version when stateful; otherwise event_id/received_at,assessment_projection;behavioral_store,none by default,client may retry with same client_event_id; server deduplicates,yes for asynchronous delivery/handler failures; rejected commands are not DLQ,"consumer checkpoint, aggregate version and projection consistency checks",restricted,server_acknowledged,conditional,operational,assessment_attempt_id;question_version_id;answer_payload;answer_sequence;recorded_at,response_time_ms,
assessment.attempt.submitted,assessment,behavioral_domain,assessment,internal_domain_transaction,platform_domain_transaction,assessment_attempt,domain state; canonical_event; outbox,immutable canonical event store,yes,assessment_attempt: aggregate_id + aggregate_version when stateful; otherwise event_id/received_at,assessment_projection;scoring_engine;behavioral_store,none by default,command retry only with idempotency key; async consumer retries independently,yes for asynchronous delivery/handler failures; rejected commands are not DLQ,"consumer checkpoint, aggregate version and projection consistency checks",pseudonymous,server_transactional,eligible,operational,assessment_attempt_id;submitted_at;answered_count,active_duration_seconds,
assessment.attempt.scored,assessment,domain,scoring_engine,internal_domain_transaction,platform_domain_transaction,assessment_attempt,domain state; canonical_event; outbox,immutable canonical event store,yes,assessment_attempt: aggregate_id + aggregate_version when stateful; otherwise event_id/received_at,assessment_projection;journey_orchestration;research_projection,none by default,command retry only with idempotency key; async consumer retries independently,yes for asynchronous delivery/handler failures; rejected commands are not DLQ,"consumer checkpoint, aggregate version and projection consistency checks",restricted,server_transactional,derived_only,operational,assessment_attempt_id;scoring_policy_version;score;max_score;scored_at,dimension_scores;quality_flags,
assessment.attempt.passed,assessment,domain,scoring_engine,internal_domain_transaction,platform_domain_transaction,assessment_attempt,domain state; canonical_event; outbox,immutable canonical event store,yes,assessment_attempt: aggregate_id + aggregate_version when stateful; otherwise event_id/received_at,assessment_projection;journey_orchestration;gamification_engine,none by default,command retry only with idempotency key; async consumer retries independently,yes for asynchronous delivery/handler failures; rejected commands are not DLQ,"consumer checkpoint, aggregate version and projection consistency checks",pseudonymous,server_transactional,derived_only,operational,assessment_attempt_id;passing_policy_version;passed_at;evidence_refs,,
assessment.attempt.failed,assessment,domain,scoring_engine,internal_domain_transaction,platform_domain_transaction,assessment_attempt,domain state; canonical_event; outbox,immutable canonical event store,yes,assessment_attempt: aggregate_id + aggregate_version when stateful; otherwise event_id/received_at,assessment_projection;intervention_orchestrator,none by default,command retry only with idempotency key; async consumer retries independently,yes for asynchronous delivery/handler failures; rejected commands are not DLQ,"consumer checkpoint, aggregate version and projection consistency checks",pseudonymous,server_transactional,derived_only,operational,assessment_attempt_id;passing_policy_version;failed_at,reason_codes,
assessment.attempt.invalidated,assessment,audit,assessment,privileged_transaction,platform_domain_transaction,assessment_attempt,domain/audit state; canonical_event; outbox; audit metadata,immutable canonical event store,yes,assessment_attempt: aggregate_id + aggregate_version when stateful; otherwise event_id/received_at,assessment_projection;audit_projection,none by default,command retry only with idempotency key; async consumer retries independently,yes for asynchronous delivery/handler failures; rejected commands are not DLQ,"consumer checkpoint, aggregate version and projection consistency checks",restricted,server_transactional,ineligible,operational,assessment_attempt_id;invalidated_at;reason_code;invalidated_by,,
assessment.feedback.available,assessment,domain,assessment,internal_domain_transaction,platform_domain_transaction,assessment_attempt,domain state; canonical_event; outbox,immutable canonical event store,yes,assessment_attempt: aggregate_id + aggregate_version when stateful; otherwise event_id/received_at,assessment_projection;notification_orchestrator,notification job may be created,command retry only with idempotency key; async consumer retries independently,yes for asynchronous delivery/handler failures; rejected commands are not DLQ,"consumer checkpoint, aggregate version and projection consistency checks",pseudonymous,server_transactional,ineligible,operational,assessment_attempt_id;feedback_version;available_at,,
assessment.feedback.viewed,assessment,behavioral,application_backend,client_or_external_observation,accepted_observation; not authoritative for critical domain state,assessment_attempt,accepted_observation/event_log; outbox; optional projection update,immutable canonical event store,yes,assessment_attempt: aggregate_id + aggregate_version when stateful; otherwise event_id/received_at,behavioral_store,none by default,client may retry with same client_event_id; server deduplicates,yes for asynchronous delivery/handler failures; rejected commands are not DLQ,"consumer checkpoint, aggregate version and projection consistency checks",pseudonymous,server_acknowledged,conditional,operational,assessment_attempt_id;feedback_version;client_event_id;viewed_at,,
assessment.retry.available,assessment,domain,assessment,internal_domain_transaction,platform_domain_transaction,assessment_attempt,domain state; canonical_event; outbox,immutable canonical event store,yes,assessment_attempt: aggregate_id + aggregate_version when stateful; otherwise event_id/received_at,assessment_projection;intervention_orchestrator,none by default,command retry only with idempotency key; async consumer retries independently,yes for asynchronous delivery/handler failures; rejected commands are not DLQ,"consumer checkpoint, aggregate version and projection consistency checks",pseudonymous,server_transactional,ineligible,operational,assessment_attempt_id;retry_policy_version;next_attempt_number;available_at,available_until,
practice.activity.started,practice,behavioral_domain,practice,internal_domain_transaction,platform_domain_transaction,practice_instance,domain state; canonical_event; outbox,immutable canonical event store,yes,practice_instance: aggregate_id + aggregate_version when stateful; otherwise event_id/received_at,practice_projection;behavioral_store,none by default,command retry only with idempotency key; async consumer retries independently,yes for asynchronous delivery/handler failures; rejected commands are not DLQ,"consumer checkpoint, aggregate version and projection consistency checks",pseudonymous,server_transactional,eligible,operational,practice_instance_id;activity_instance_id;started_at,,
practice.submission.draft_saved,practice,behavioral_domain,practice,internal_domain_transaction,platform_domain_transaction,practice_submission,domain state; canonical_event; outbox,immutable canonical event store,yes,practice_submission: aggregate_id + aggregate_version when stateful; otherwise event_id/received_at,practice_projection,none by default,command retry only with idempotency key; async consumer retries independently,yes for asynchronous delivery/handler failures; rejected commands are not DLQ,"consumer checkpoint, aggregate version and projection consistency checks",restricted,server_transactional,conditional,operational,submission_id;practice_instance_id;revision_number;saved_at,field_presence;attachment_count,
practice.evidence.attached,practice,behavioral_domain,practice,internal_domain_transaction,platform_domain_transaction,practice_submission,domain state; canonical_event; outbox,immutable canonical event store,yes,practice_submission: aggregate_id + aggregate_version when stateful; otherwise event_id/received_at,practice_projection;security_scanner,none by default,command retry only with idempotency key; async consumer retries independently,yes for asynchronous delivery/handler failures; rejected commands are not DLQ,"consumer checkpoint, aggregate version and projection consistency checks",restricted,server_transactional,conditional,operational,submission_id;evidence_asset_id;asset_type;attached_at,content_hash,
practice.evidence.removed,practice,behavioral_domain,practice,internal_domain_transaction,platform_domain_transaction,practice_submission,domain state; canonical_event; outbox,immutable canonical event store,yes,practice_submission: aggregate_id + aggregate_version when stateful; otherwise event_id/received_at,practice_projection,none by default,command retry only with idempotency key; async consumer retries independently,yes for asynchronous delivery/handler failures; rejected commands are not DLQ,"consumer checkpoint, aggregate version and projection consistency checks",restricted,server_transactional,ineligible,operational,submission_id;evidence_asset_id;removed_at,reason_code,
practice.submission.submitted,practice,behavioral_domain,practice,internal_domain_transaction,platform_domain_transaction,practice_submission,domain state; canonical_event; outbox,immutable canonical event store,yes,practice_submission: aggregate_id + aggregate_version when stateful; otherwise event_id/received_at,practice_projection;review_queue;behavioral_store,none by default,command retry only with idempotency key; async consumer retries independently,yes for asynchronous delivery/handler failures; rejected commands are not DLQ,"consumer checkpoint, aggregate version and projection consistency checks",restricted,server_transactional,eligible,operational,submission_id;practice_instance_id;revision_number;submitted_at;evidence_refs,self_report_fields,
practice.review.started,practice,audit,practice,privileged_transaction,platform_domain_transaction,practice_review,domain/audit state; canonical_event; outbox; audit metadata,immutable canonical event store,yes,practice_review: aggregate_id + aggregate_version when stateful; otherwise event_id/received_at,practice_projection;audit_projection,none by default,command retry only with idempotency key; async consumer retries independently,yes for asynchronous delivery/handler failures; rejected commands are not DLQ,"consumer checkpoint, aggregate version and projection consistency checks",restricted,server_transactional,ineligible,operational,review_id;submission_id;reviewer_id;rubric_version;started_at,,
practice.revision.requested,practice,domain,practice,internal_domain_transaction,platform_domain_transaction,practice_submission,domain state; canonical_event; outbox,immutable canonical event store,yes,practice_submission: aggregate_id + aggregate_version when stateful; otherwise event_id/received_at,practice_projection;notification_orchestrator;behavioral_store,notification job may be created,command retry only with idempotency key; async consumer retries independently,yes for asynchronous delivery/handler failures; rejected commands are not DLQ,"consumer checkpoint, aggregate version and projection consistency checks",restricted,server_transactional,conditional,operational,review_id;submission_id;rubric_version;reason_codes;requested_at,feedback_ref,
practice.submission.resubmitted,practice,behavioral_domain,practice,internal_domain_transaction,platform_domain_transaction,practice_submission,domain state; canonical_event; outbox,immutable canonical event store,yes,practice_submission: aggregate_id + aggregate_version when stateful; otherwise event_id/received_at,practice_projection;review_queue;behavioral_store,none by default,command retry only with idempotency key; async consumer retries independently,yes for asynchronous delivery/handler failures; rejected commands are not DLQ,"consumer checkpoint, aggregate version and projection consistency checks",restricted,server_transactional,eligible,operational,submission_id;revision_number;resubmitted_at;evidence_refs,,
practice.submission.accepted,practice,domain,practice,internal_domain_transaction,platform_domain_transaction,practice_submission,domain state; canonical_event; outbox,immutable canonical event store,yes,practice_submission: aggregate_id + aggregate_version when stateful; otherwise event_id/received_at,practice_projection;journey_orchestration;gamification_engine;behavioral_store,none by default,command retry only with idempotency key; async consumer retries independently,yes for asynchronous delivery/handler failures; rejected commands are not DLQ,"consumer checkpoint, aggregate version and projection consistency checks",restricted,server_transactional,eligible,operational,review_id;submission_id;rubric_version;accepted_at;evidence_summary,,
practice.submission.rejected,practice,domain,practice,internal_domain_transaction,platform_domain_transaction,practice_submission,domain state; canonical_event; outbox,immutable canonical event store,yes,practice_submission: aggregate_id + aggregate_version when stateful; otherwise event_id/received_at,practice_projection;intervention_orchestrator,none by default,command retry only with idempotency key; async consumer retries independently,yes for asynchronous delivery/handler failures; rejected commands are not DLQ,"consumer checkpoint, aggregate version and projection consistency checks",restricted,server_transactional,ineligible,operational,review_id;submission_id;rubric_version;rejected_at;reason_codes,,
practice.application.self_reported,practice,behavioral,practice,internal_domain_transaction,platform_domain_transaction,application_evidence,domain state; canonical_event; outbox,immutable canonical event store,yes,application_evidence: aggregate_id + aggregate_version when stateful; otherwise event_id/received_at,research_projection;behavioral_store,none by default,command retry only with idempotency key; async consumer retries independently,yes for asynchronous delivery/handler failures; rejected commands are not DLQ,"consumer checkpoint, aggregate version and projection consistency checks",restricted,self_reported,conditional,operational,practice_instance_id;application_status;reported_at,result_description_code;evidence_asset_id,Nunca equivale automaticamente a aplicação comprovada.
practice.application.verified,practice,domain,practice,internal_domain_transaction,platform_domain_transaction,application_evidence,domain state; canonical_event; outbox,immutable canonical event store,yes,application_evidence: aggregate_id + aggregate_version when stateful; otherwise event_id/received_at,research_projection;behavioral_store,none by default,command retry only with idempotency key; async consumer retries independently,yes for asynchronous delivery/handler failures; rejected commands are not DLQ,"consumer checkpoint, aggregate version and projection consistency checks",restricted,reviewer_validated,eligible,operational,application_evidence_id;practice_instance_id;verification_method;verified_at;verifier_id,evidence_refs,
practice.use_permission.granted,governance,domain,governance,internal_domain_transaction,platform_domain_transaction,content_permission,domain state; canonical_event; outbox,immutable canonical event store,yes,content_permission: aggregate_id + aggregate_version when stateful; otherwise event_id/received_at,content_curation;audit_projection,none by default,command retry only with idempotency key; async consumer retries independently,yes for asynchronous delivery/handler failures; rejected commands are not DLQ,"consumer checkpoint, aggregate version and projection consistency checks",restricted,server_transactional,ineligible,operational,permission_id;submission_id;purpose_code;notice_version;granted_at,expires_at,
practice.use_permission.withdrawn,governance,domain,governance,internal_domain_transaction,platform_domain_transaction,content_permission,domain state; canonical_event; outbox,immutable canonical event store,yes,content_permission: aggregate_id + aggregate_version when stateful; otherwise event_id/received_at,content_curation;audit_projection,none by default,command retry only with idempotency key; async consumer retries independently,yes for asynchronous delivery/handler failures; rejected commands are not DLQ,"consumer checkpoint, aggregate version and projection consistency checks",restricted,server_transactional,ineligible,operational,permission_id;submission_id;withdrawn_at,,
engagement.points.awarded,engagement,domain,gamification_engine,internal_domain_transaction,platform_domain_transaction,point_ledger_entry,domain state; canonical_event; outbox,immutable canonical event store,yes,point_ledger_entry: aggregate_id + aggregate_version when stateful; otherwise event_id/received_at,points_projection;audit_projection,none by default,command retry only with idempotency key; async consumer retries independently,yes for asynchronous delivery/handler failures; rejected commands are not DLQ,verify unique source_event/rule and ledger/snapshot consistency,pseudonymous,server_transactional,ineligible,operational,ledger_entry_id;entrepreneur_id;rule_version;points;source_event_ids;awarded_at,journey_instance_id,Evento derivado de fatos de origem; não usar diretamente como feature.
engagement.points.reversed,engagement,domain,gamification_engine,internal_domain_transaction,platform_domain_transaction,point_ledger_entry,domain state; canonical_event; outbox,immutable canonical event store,yes,point_ledger_entry: aggregate_id + aggregate_version when stateful; otherwise event_id/received_at,points_projection;audit_projection,none by default,command retry only with idempotency key; async consumer retries independently,yes for asynchronous delivery/handler failures; rejected commands are not DLQ,verify unique source_event/rule and ledger/snapshot consistency,pseudonymous,server_transactional,ineligible,operational,ledger_entry_id;reverses_entry_id;reason_code;reversed_at,,
engagement.badge.awarded,engagement,domain,gamification_engine,internal_domain_transaction,platform_domain_transaction,badge_award,domain state; canonical_event; outbox,immutable canonical event store,yes,badge_award: aggregate_id + aggregate_version when stateful; otherwise event_id/received_at,badge_projection;crm_projection,none by default,command retry only with idempotency key; async consumer retries independently,yes for asynchronous delivery/handler failures; rejected commands are not DLQ,verify unique source_event/rule and ledger/snapshot consistency,pseudonymous,server_transactional,ineligible,operational,badge_award_id;badge_version_id;entrepreneur_id;source_event_ids;awarded_at,journey_instance_id,
engagement.badge.revoked,engagement,domain,gamification_engine,internal_domain_transaction,platform_domain_transaction,badge_award,domain state; canonical_event; outbox,immutable canonical event store,yes,badge_award: aggregate_id + aggregate_version when stateful; otherwise event_id/received_at,badge_projection;crm_projection,none by default,command retry only with idempotency key; async consumer retries independently,yes for asynchronous delivery/handler failures; rejected commands are not DLQ,verify unique source_event/rule and ledger/snapshot consistency,pseudonymous,server_transactional,ineligible,operational,badge_award_id;reason_code;revoked_at,,
credential.certificate.issued,credentials,domain,credential_engine,internal_domain_transaction,platform_domain_transaction,certificate,domain state; canonical_event; outbox,immutable canonical event store,yes,certificate: aggregate_id + aggregate_version when stateful; otherwise event_id/received_at,credential_projection;crm_projection,none by default,command retry only with idempotency key; async consumer retries independently,yes for asynchronous delivery/handler failures; rejected commands are not DLQ,verify unique source_event/rule and ledger/snapshot consistency,pseudonymous,server_transactional,ineligible,operational,certificate_id;certificate_definition_version_id;entrepreneur_id;journey_instance_id;evidence_snapshot;issued_at,expires_at,
credential.certificate.revoked,credentials,domain,credential_engine,internal_domain_transaction,platform_domain_transaction,certificate,domain state; canonical_event; outbox,immutable canonical event store,yes,certificate: aggregate_id + aggregate_version when stateful; otherwise event_id/received_at,credential_projection;crm_projection;audit_projection,none by default,command retry only with idempotency key; async consumer retries independently,yes for asynchronous delivery/handler failures; rejected commands are not DLQ,verify unique source_event/rule and ledger/snapshot consistency,pseudonymous,server_transactional,ineligible,operational,certificate_id;reason_code;revoked_at,,
credential.certificate.downloaded,credentials,behavioral,application_backend,client_or_external_observation,accepted_observation; not authoritative for critical domain state,certificate,accepted_observation/event_log; outbox; optional projection update,immutable canonical event store,yes,certificate: aggregate_id + aggregate_version when stateful; otherwise event_id/received_at,behavioral_store,none by default,client may retry with same client_event_id; server deduplicates,yes for asynchronous delivery/handler failures; rejected commands are not DLQ,verify unique source_event/rule and ledger/snapshot consistency,pseudonymous,server_acknowledged,weak_only,operational,certificate_id;client_event_id;downloaded_at,,
intervention.eligibility.detected,interventions,domain,intervention_orchestrator,internal_domain_transaction,platform_domain_transaction,intervention_candidate,domain state; canonical_event; outbox,immutable canonical event store,yes,intervention_candidate: aggregate_id + aggregate_version when stateful; otherwise event_id/received_at,intervention_projection,none by default,command retry only with idempotency key; async consumer retries independently,yes for asynchronous delivery/handler failures; rejected commands are not DLQ,"consumer checkpoint, aggregate version and projection consistency checks",pseudonymous,server_transactional,ineligible,operational,candidate_id;intervention_definition_version_id;subject_id;trigger_event_ids;rule_version;detected_at,priority,
intervention.instance.created,interventions,domain,intervention_orchestrator,internal_domain_transaction,platform_domain_transaction,intervention_instance,domain state; canonical_event; outbox,immutable canonical event store,yes,intervention_instance: aggregate_id + aggregate_version when stateful; otherwise event_id/received_at,intervention_projection;notification_orchestrator,notification job may be created,command retry only with idempotency key; async consumer retries independently,yes for asynchronous delivery/handler failures; rejected commands are not DLQ,"consumer checkpoint, aggregate version and projection consistency checks",pseudonymous,server_transactional,ineligible,operational,intervention_instance_id;candidate_id;channel;created_at,scheduled_for,
intervention.instance.suppressed,interventions,domain,intervention_orchestrator,internal_domain_transaction,platform_domain_transaction,intervention_instance,domain state; canonical_event; outbox,immutable canonical event store,yes,intervention_instance: aggregate_id + aggregate_version when stateful; otherwise event_id/received_at,intervention_projection;research_projection,none by default,command retry only with idempotency key; async consumer retries independently,yes for asynchronous delivery/handler failures; rejected commands are not DLQ,"consumer checkpoint, aggregate version and projection consistency checks",pseudonymous,server_transactional,ineligible,operational,intervention_instance_id;suppression_policy_version;reason_codes;suppressed_at,,
intervention.message.sent,interventions,integration,notification_connector,external_delivery_callback,verified_external_source_then_internal_canonical_event,intervention_instance,delivery_receipt or observation; canonical_event/outbox,immutable canonical event store,yes,intervention_instance: aggregate_id + aggregate_version when stateful; otherwise event_id/received_at,intervention_projection,none; event confirms inbound/external result,bounded exponential backoff with jitter; respect provider retry semantics,yes for asynchronous delivery/handler failures; rejected commands are not DLQ,integration history + external mapping/checkpoint reconciliation,pseudonymous,external_confirmed,ineligible,operational,intervention_instance_id;delivery_id;channel;provider;sent_at,template_version,
intervention.message.delivered,interventions,integration,notification_connector,external_delivery_callback,verified_external_source_then_internal_canonical_event,intervention_instance,delivery_receipt or observation; canonical_event/outbox,immutable canonical event store,yes,intervention_instance: aggregate_id + aggregate_version when stateful; otherwise event_id/received_at,intervention_projection;research_projection,none; event confirms inbound/external result,bounded exponential backoff with jitter; respect provider retry semantics,yes for asynchronous delivery/handler failures; rejected commands are not DLQ,integration history + external mapping/checkpoint reconciliation,pseudonymous,external_confirmed,conditional,operational,intervention_instance_id;delivery_id;delivered_at,,
intervention.message.opened,interventions,behavioral,notification_connector,external_delivery_callback,verified_external_source_then_internal_canonical_event,intervention_instance,delivery_receipt or observation; canonical_event/outbox,immutable canonical event store,yes,intervention_instance: aggregate_id + aggregate_version when stateful; otherwise event_id/received_at,intervention_projection;research_projection,none; event confirms inbound/external result,bounded exponential backoff with jitter; respect provider retry semantics,yes for asynchronous delivery/handler failures; rejected commands are not DLQ,integration history + external mapping/checkpoint reconciliation,pseudonymous,external_observed,weak_only,operational,intervention_instance_id;delivery_id;opened_at,,
intervention.action.taken,interventions,behavioral_domain,application_backend,internal_domain_transaction,platform_domain_transaction,intervention_instance,domain state; canonical_event; outbox,immutable canonical event store,yes,intervention_instance: aggregate_id + aggregate_version when stateful; otherwise event_id/received_at,intervention_projection;behavioral_store;research_projection,none by default,command retry only with idempotency key; async consumer retries independently,yes for asynchronous delivery/handler failures; rejected commands are not DLQ,"consumer checkpoint, aggregate version and projection consistency checks",pseudonymous,server_transactional,conditional,operational,intervention_instance_id;action_code;source_event_id;acted_at,,Evitar circularidade quando a própria resposta for o outcome da intervenção.
intervention.instance.dismissed,interventions,behavioral_domain,application_backend,internal_domain_transaction,platform_domain_transaction,intervention_instance,domain state; canonical_event; outbox,immutable canonical event store,yes,intervention_instance: aggregate_id + aggregate_version when stateful; otherwise event_id/received_at,intervention_projection;research_projection,none by default,command retry only with idempotency key; async consumer retries independently,yes for asynchronous delivery/handler failures; rejected commands are not DLQ,"consumer checkpoint, aggregate version and projection consistency checks",pseudonymous,server_transactional,conditional,operational,intervention_instance_id;dismissed_at,reason_code,
intervention.delivery.failed,interventions,integration,notification_connector,external_delivery_callback,verified_external_source_then_internal_canonical_event,intervention_instance,delivery_receipt or observation; canonical_event/outbox,immutable canonical event store,yes,intervention_instance: aggregate_id + aggregate_version when stateful; otherwise event_id/received_at,intervention_projection;operations_monitoring,none; event confirms inbound/external result,bounded exponential backoff with jitter; respect provider retry semantics,yes for asynchronous delivery/handler failures; rejected commands are not DLQ,integration history + external mapping/checkpoint reconciliation,internal,external_confirmed,ineligible,operational,intervention_instance_id;delivery_id;failure_code;failed_at,retryable,
intervention.instance.cancelled,interventions,domain,intervention_orchestrator,internal_domain_transaction,platform_domain_transaction,intervention_instance,domain state; canonical_event; outbox,immutable canonical event store,yes,intervention_instance: aggregate_id + aggregate_version when stateful; otherwise event_id/received_at,intervention_projection,none by default,command retry only with idempotency key; async consumer retries independently,yes for asynchronous delivery/handler failures; rejected commands are not DLQ,"consumer checkpoint, aggregate version and projection consistency checks",pseudonymous,server_transactional,ineligible,operational,intervention_instance_id;reason_code;cancelled_at,,
support.requested,interventions,behavioral_domain,application_backend,internal_domain_transaction,platform_domain_transaction,support_request,domain state; canonical_event; outbox,immutable canonical event store,yes,support_request: aggregate_id + aggregate_version when stateful; otherwise event_id/received_at,support_queue;behavioral_store,none by default,command retry only with idempotency key; async consumer retries independently,yes for asynchronous delivery/handler failures; rejected commands are not DLQ,"consumer checkpoint, aggregate version and projection consistency checks",restricted,server_transactional,eligible,operational,support_request_id;entrepreneur_id;request_category;requested_at,journey_instance_id;activity_instance_id;preferred_channel,
support.request.fulfilled,interventions,domain,support_operations,internal_domain_transaction,platform_domain_transaction,support_request,domain state; canonical_event; outbox,immutable canonical event store,yes,support_request: aggregate_id + aggregate_version when stateful; otherwise event_id/received_at,support_projection;research_projection,none by default,command retry only with idempotency key; async consumer retries independently,yes for asynchronous delivery/handler failures; rejected commands are not DLQ,"consumer checkpoint, aggregate version and projection consistency checks",restricted,server_transactional,ineligible,operational,support_request_id;fulfillment_type;fulfilled_at,resolution_code,
integration.sync.requested,integrations,integration,integration_orchestrator,external_effect_async,platform_domain_transaction,sync_operation,integration_job/history; canonical integration event/outbox,immutable canonical event store,yes,sync_operation: aggregate_id + aggregate_version when stateful; otherwise event_id/received_at,integration_worker;operations_monitoring,external synchronization job,bounded exponential backoff with jitter; respect provider retry semantics,yes for asynchronous delivery/handler failures; rejected commands are not DLQ,integration history + external mapping/checkpoint reconciliation,internal,server_transactional,ineligible,operational,sync_operation_id;connector;entity_type;entity_id;mapping_version;requested_at,trigger_event_ids,
integration.sync.succeeded,integrations,integration,integration_worker,external_effect_async,platform_domain_transaction,sync_operation,integration_job/history; canonical integration event/outbox,immutable canonical event store,yes,sync_operation: aggregate_id + aggregate_version when stateful; otherwise event_id/received_at,integration_projection;operations_monitoring,external synchronization job,bounded exponential backoff with jitter; respect provider retry semantics,yes for asynchronous delivery/handler failures; rejected commands are not DLQ,integration history + external mapping/checkpoint reconciliation,internal,external_confirmed,ineligible,operational,sync_operation_id;connector;external_object_id;succeeded_at,external_version,
integration.sync.failed,integrations,integration,integration_worker,external_effect_async,platform_domain_transaction,sync_operation,integration_job/history; canonical integration event/outbox,immutable canonical event store,yes,sync_operation: aggregate_id + aggregate_version when stateful; otherwise event_id/received_at,integration_projection;retry_scheduler;operations_monitoring,external synchronization job,bounded exponential backoff with jitter; respect provider retry semantics,yes for asynchronous delivery/handler failures; rejected commands are not DLQ,integration history + external mapping/checkpoint reconciliation,internal,external_confirmed,ineligible,operational,sync_operation_id;connector;failure_code;failed_at;retryable,provider_request_id,
integration.conflict.detected,integrations,integration,integration_worker,external_effect_async,platform_domain_transaction,sync_operation,integration_job/history; canonical integration event/outbox,immutable canonical event store,yes,sync_operation: aggregate_id + aggregate_version when stateful; otherwise event_id/received_at,reconciliation_queue;operations_monitoring,none by default,bounded exponential backoff with jitter; respect provider retry semantics,yes for asynchronous delivery/handler failures; rejected commands are not DLQ,integration history + external mapping/checkpoint reconciliation,restricted,server_transactional,ineligible,operational,sync_operation_id;entity_type;entity_id;conflicting_fields;detected_at,external_snapshot_hash,
integration.conflict.reconciled,integrations,integration,integration_worker,external_effect_async,platform_domain_transaction,sync_operation,integration_job/history; canonical integration event/outbox,immutable canonical event store,yes,sync_operation: aggregate_id + aggregate_version when stateful; otherwise event_id/received_at,integration_projection;audit_projection,none by default,bounded exponential backoff with jitter; respect provider retry semantics,yes for asynchronous delivery/handler failures; rejected commands are not DLQ,integration history + external mapping/checkpoint reconciliation,restricted,server_transactional,ineligible,operational,sync_operation_id;resolution_policy;resolved_fields;reconciled_at,resolved_by,
integration.webhook.received,integrations,integration,webhook_gateway,external_webhook_ingestion,verified_external_source_then_internal_canonical_event,webhook_delivery,webhook_receipt; validation_result; normalized_event/outbox when valid,immutable canonical event store,yes,webhook_delivery: aggregate_id + aggregate_version when stateful; otherwise event_id/received_at,webhook_validation;operations_monitoring,none; event confirms inbound/external result,bounded exponential backoff with jitter; respect provider retry semantics,yes for asynchronous delivery/handler failures; rejected commands are not DLQ,integration history + external mapping/checkpoint reconciliation,internal,external_observed,ineligible,integration_short,webhook_delivery_id;connector;provider_event_id;received_at;payload_hash,,
integration.webhook.validated,integrations,integration,webhook_gateway,external_webhook_ingestion,verified_external_source_then_internal_canonical_event,webhook_delivery,webhook_receipt; validation_result; normalized_event/outbox when valid,immutable canonical event store,yes,webhook_delivery: aggregate_id + aggregate_version when stateful; otherwise event_id/received_at,webhook_processing,none; event confirms inbound/external result,bounded exponential backoff with jitter; respect provider retry semantics,yes for asynchronous delivery/handler failures; rejected commands are not DLQ,integration history + external mapping/checkpoint reconciliation,internal,server_acknowledged,ineligible,operational,webhook_delivery_id;signature_version;validated_at,,
integration.webhook.rejected,integrations,audit,webhook_gateway,external_webhook_ingestion,verified_external_source_then_internal_canonical_event,webhook_delivery,webhook_receipt; validation_result; normalized_event/outbox when valid,immutable canonical event store,yes,webhook_delivery: aggregate_id + aggregate_version when stateful; otherwise event_id/received_at,security_monitoring;operations_monitoring,none; event confirms inbound/external result,bounded exponential backoff with jitter; respect provider retry semantics,yes for asynchronous delivery/handler failures; rejected commands are not DLQ,integration history + external mapping/checkpoint reconciliation,restricted,server_acknowledged,ineligible,security_short,webhook_delivery_id;reason_code;rejected_at,,
integration.webhook.processed,integrations,integration,integration_worker,external_effect_async,platform_domain_transaction,webhook_delivery,integration_job/history; canonical integration event/outbox,immutable canonical event store,yes,webhook_delivery: aggregate_id + aggregate_version when stateful; otherwise event_id/received_at,integration_projection,none by default,bounded exponential backoff with jitter; respect provider retry semantics,yes for asynchronous delivery/handler failures; rejected commands are not DLQ,integration history + external mapping/checkpoint reconciliation,internal,server_transactional,ineligible,operational,webhook_delivery_id;canonical_event_ids;processed_at,,
external.credit.stage.changed,integrations,integration,credit_connector,external_webhook_ingestion,verified_external_source_then_internal_canonical_event,credit_operation,webhook_receipt; validation_result; normalized_event/outbox when valid,immutable canonical event store,yes,credit_operation: aggregate_id + aggregate_version when stateful; otherwise event_id/received_at,journey_orchestration;intervention_orchestrator;research_projection,none; event confirms inbound/external result,bounded exponential backoff with jitter; respect provider retry semantics,yes for asynchronous delivery/handler failures; rejected commands are not DLQ,integration history + external mapping/checkpoint reconciliation,restricted,external_confirmed,conditional,operational,credit_operation_ref;previous_stage_code;new_stage_code;source_occurred_at;source_event_id,business_id;entrepreneur_id;reason_codes,"Contrato reservado; não implementar até receber estados, IDs e fonte oficial da operação de crédito."
